source,shared_from,date,text,reactions,likes,ahah,love,wow,sigh,grrr,comments,post_id,url,share
Trang Phap,,2019-11-26 22:01:14,"NghÄ© láº¡i má»›i tháº¥y mÃ¬nh lÃ  má»™t con ngÆ°á»i khÃ¡ mÃ¢u thuáº«n, lÃ  kiá»ƒu nghá»‡ sÄ© vá»«a trÃ¡ch nhiá»‡m láº¡i vá»«a tuá»³ há»©ng. LÃ m cho má»i ngÆ°á»i thÃ¬ nguyÃªn táº¯c lÃ  Ä‘Ãºng deadline, cÃ³ thá»ƒ cáº§m náº¯m Ä‘Æ°á»£c cáº£m xÃºc mÃ  tung há»©ng, sÃ¡ng táº¡o, nhÆ°ng lÃ m cho báº£n thÃ¢n mÃ¬nh thÃ¬ láº¡i pháº£i cÃ³ nguá»“n cáº£m há»©ng má»›i cÃ³ thá»ƒ lÃ m.  Tháº­t ra Ã¢m nháº¡c khÃ´ng thá»ƒ gÆ°á»£ng Ã©p, o báº¿ cáº£m xÃºc vÃ o má»™t khuÃ´n khá»•. KhÃ´ng thá»ƒ hÃ¡t nhá»¯ng thá»© mÃ¬nh khÃ´ng thÃ­ch, khÃ´ng thá»ƒ viáº¿t nhá»¯ng thá»© mÃ¬nh khÃ´ng tin vÃ o nÃ³. NÃªn tá»« nay vá» sau, Trang sáº½ chá»‰ lÃ m nhá»¯ng gÃ¬ mÃ¬nh thÃ­ch vÃ  tin tÆ°á»Ÿng thÃ´i... DÃ¹ cÃ³ máº¥t nhiá»u thá»i gian hÆ¡n, dÃ¹ cÃ³ khÃ¡c ngÆ°á»i khÃ¡c thÆ°á»ng thÃ¬ cÅ©ng xá»©ng Ä‘Ã¡ng, vÃ¬ nhÆ° váº­y mÃ¬nh má»›i thá»±c sá»± Ä‘Æ°á»£c lÃ  chÃ­nh mÃ¬nh vÃ  hÃ i lÃ²ng vá»›i sáº£n pháº©m cá»§a mÃ¬nh. CÃ¡m Æ¡n QuÃ½ BÃ¡o Tiin.vn http://tiin.vn/chuyen-muc/nhac/trang-phap-chuan-bi-quay-lai-duong-dua-vbiz-tai-xuat-manh-me-voi-am-nhac-sau-hai-nam-vang-bong.html CÃ¡m Æ¡n QuÃ½ BÃ¡o Yeah1 https://yeah1.com/hau-truong/trang-phap-chuan-bi-quay-lai-duong-dua-vbiz-voi-vai-tro-nu-producer-j21JnX315v.html CÃ¡m Æ¡n QuÃ½ BÃ¡o Hoa Há»c TrÃ² http://hoahoctro.vn/tin-tuc/trang-phap-chin-chan-o-tuoi-30-tai-xuat-manh-me-voi-am-nhac-sau-2-nam-vang-bong?fbclid=IwAR1GJYPg5puCFwooFJDhDwpYtAYsYOzKQHTK95EFpiHeckHbQETvfTJZsA4 CÃ¡m Æ¡n QuÃ½ BÃ¡o Tháº¿ Giá»›i VÄƒn HoÃ¡ http://thegioivanhoa.info/trang-phap-chuan-bi-quay-lai-duong-dua-vbiz-voi-vai-tro-nu-producer-17335.html CÃ¡m Æ¡n QuÃ½ BÃ¡o Ione https://ione.vnexpress.net/photo/viet-nam/trang-phap-ngay-cang-quyen-ru-4017687.html CÃ¡m Æ¡n QuÃ½ BÃ¡o Kenh 14 http://kenh14.vn/sau-2-nam-vang-bong-trang-phap-chinh-thuc-comeback-nhung-khong-lam-ca-si-nua-ma-quyet-tam-lam-producer-20191125143059332.chn CÃ¡m Æ¡n QuÃ½ BÃ¡o VTC https://vtc.vn/sau-2-nam-lan-mat-tam-trang-phap-sap-tai-xuat-voi-vai-tro-nha-san-xuat-nhac-d512238.html CÃ¡m Æ¡n QuÃ½ BÃ¡o Tiáº¿p Thá»‹ Gia ÄÃ¬nh https://tiepthigiadinh.net.vn/2019/11/26/trang-phap-chuan-bi-quay-lai-duong-dua-vbiz-voi-vai-tro-nu-producer.html CÃ¡m Æ¡n QuÃ½ BÃ¡o 8showbiz http://8showbiz.com/nhac/cau-tra-loi-cua-trang-phap-sau-2-nam-bo-be-ca-hat.html CÃ¡m Æ¡n QuÃ½ BÃ¡o Fcviet http://fcviet.com.vn/trang-phap-chuan-bi-quay-lai-duong-dua-vbiz-voi-vai-tro-nu-producer-46053.html?fbclid=IwAR27IZMA77wVWE3jZNSy9wh9SboXaPy_wPDaFG__2_2Y-jyNVLuzgRes-pc Thanks my team: Costume: Chung Thanh Phong Photo: Tri Bui M.U.A: Kelvin Há»“ Thuy Trang Nguyen","1,4K","1,3K",3,112,1,,,20 bÃ¬nh luáº­,2930858810267329,/story.php?story_fbid=2930858810267329&id=460256563994245,LÆ°u
Trang Phap,,2019-11-26 19:27:23,Sau 2 nÄƒm Ä‘i tÃ¬m cáº£m há»©ng thÃ¬ cÃ´ gÃ¡i sáº¯p tÃ¡i xuáº¥t giang há»“!!!  Äá»‘ cÃ¡c báº¡n lÃ  nháº¡c dance hay nháº¡c ballad Ä‘Ã¢y ah? ğŸ˜ğŸ˜ğŸ˜ CÃ¡m Æ¡n QuÃ½ BÃ¡o VTC! Thanks tÃ¬nh iu Chu Nguyen Thuy Trang Nguyen,132,108,,24,,,,6 bÃ¬nh luáº­,2930487316971145,/story.php?story_fbid=2930487316971145&id=460256563994245,LÆ°u
Trang Phap,,2019-11-26 13:03:09,"Em sáº½ váº«n hÃ¡t, nhÆ°ng sáº½ â€œÄ‘áº» trá»©ngâ€ nhiá»u hÆ¡n! ğŸ˜‰ğŸ˜‰ğŸ˜‰ CÃ¡m Æ¡n KÃªnh 14 â¤ï¸â¤ï¸â¤ï¸ Thuy Trang Nguyen",160,124,,36,,,,8 bÃ¬nh luáº­,2929835277036349,/story.php?story_fbid=2929835277036349&id=460256563994245,LÆ°u
Trang Phap,,2019-11-24 20:53:45,"Chuyá»‡n gÃ¬ Ä‘ang xáº£y ra váº­y??? Sau Sulli vÃ  giá» lÃ  Goo Hara...  HÃ£y yÃªn nghá»‰ em nhÃ©... Em Ä‘Ã£ váº¥t váº£ nhiá»u rá»“i... Cháº³ng biáº¿t pháº£i trÃ¡ch ai, trÃ¡ch Ä‘iá»u gÃ¬... Äiá»u duy nháº¥t chÃºng ta cÃ³ thá»ƒ lÃ m lÃºc nÃ y lÃ  ngá»«ng chá»‰ trÃ­ch, soi xÃ©t, mÃ  hÃ£y rá»™ng lÆ°á»£ng, bao dung vÃ  yÃªu thÆ°Æ¡ng nhiá»u hÆ¡n. Sá»± ra Ä‘i cá»§a Goo Hara vÃ  Sulli Ä‘Ã£ lÃ  nhá»¯ng minh chá»©ng rÃµ rÃ ng nháº¥t cho sá»± cay nghiá»‡t cá»§a lá»i nÃ³i, cá»§a sá»± soi mÃ³i vÃ  chÃ¬ chiáº¿t. NÃ³ tá»“i tá»‡ hÆ¡n báº¥t ká»³ ná»—i Ä‘au thá»ƒ xÃ¡c nÃ o. NÃ³ Äƒn dáº§n Äƒn mÃ²n lÃ½ trÃ­ vÃ  tÃ¢m há»“n cá»§a náº¡n nhÃ¢n... NÃ³ dai dáº³ng vÃ  cháº³ng cÃ³ lá»‘i thoÃ¡t... Há» ra Ä‘i cháº³ng pháº£i vÃ¬ há» thiáº¿u dÅ©ng cáº£m, chá»‰ lÃ  há» Ä‘Ã£ má»‡t má»i quÃ¡ rá»“i. Mong 2 cÃ´ gÃ¡i sáº½ Ä‘áº¿n má»™t nÆ¡i tá»‘t Ä‘áº¹p hÆ¡n, Ä‘Æ°á»£c háº¡nh phÃºc vÃ  Ä‘Æ°á»£c lÃ  chÃ­nh mÃ¬nh... REST IN PARADISE... Thuy Trang Nguyen","3,7K",3K,1,133,2,577,,13 bÃ¬nh luáº­,2925777234108820,/story.php?story_fbid=2925777234108820&id=460256563994245,LÆ°u
Trang Phap,,2019-11-24 15:51:45,"Má»i cáº£ nhÃ  Ä‘á»c bÃ¡o ngÃ y Chá»§ Nháº­t! ğŸ˜˜ğŸ˜˜ğŸ˜˜ CÃ¡m Æ¡n team cá»§a mÃ¬nh Ä‘Ã£ luÃ´n cho mÃ¬nh Ä‘Æ°á»£c Ä‘áº¹p xinh!!! Designer: Chung Thanh Phong, ÄÃ o Minh Nháº­t Stylist: TÆ°á»ng LÆ°u, Tráº§n PhÆ°Æ¡ng VÅ© Make up: Kelvin Ho Photo: TrÃ­ Bui, TÃ­n Nguyá»…n, ThÃ nh Nguyá»…n, NhÃ¢n ThÃ nh Phan CÃ¡m Æ¡n QuÃ½ BÃ¡o Afamily http://afamily.vn/trang-phap-truoc-su-co-tai-dam-cuoi-giang-hong-ngoc-chua-bao-gio-mac-sai-dress-code-tai-su-kien-vbiz-20191119110655687.chn CÃ¡m Æ¡n QuÃ½ BÃ¡o Saostar https://m.saostar.vn/thoi-trang/bi-soi-vi-sai-dresscode-tai-dam-cuoi-giang-hong-ngoc-day-la-cach-trang-phap-dap-tra-6469678.html CÃ¡m Æ¡n QuÃ½ BÃ¡o Yeah1 https://yeah1.com/hau-truong/trang-phap-tren-tham-do-khong-chi-dung-dress-code-ma-con-gay-an-tuong-po19dyqElW.html","1,6K","1,4K",3,113,,,,24 bÃ¬nh luáº­,2925237230829487,/story.php?story_fbid=2925237230829487&id=460256563994245,LÆ°u
Trang Phap,,2019-11-21 13:30:09,CÃ¹ng nghe sÃ¡ng tÃ¡c má»›i cá»§a Trang cho phim Hoa Háº­u Giang Há»“ do chá»‹ UyÃªn Linh hÃ¡t nhÃ©!!! Ráº¥t zui khi láº§n Ä‘áº§u lÃ m viá»‡c vá»›i Ä‘áº¡o diá»…n LÆ°Æ¡ng Máº¡nh Háº£i vÃ  chá»‹ UyÃªn Linh. Thanks báº¡n iu Trang Nguyen Vinh Duy Ä‘Ã£ mai má»‘i máº¥y anh chá»‹ em nhÃ©!  CÃ³ báº¡n nÃ o Ä‘Ã£ nghe bÃ i nÃ y lÃºc xem phim ko nhá»‰? Thuy Trang Nguyen,63,51,,12,,,,7 bÃ¬nh luáº­,2917520634934480,/story.php?story_fbid=2917520634934480&id=460256563994245,LÆ°u
Trang Phap,,2019-11-20 21:29:52,20/11 cá»§a lá»›p chÃºng em! ğŸ˜›ğŸ˜›ğŸ˜›... ChÃºc cÃ´ giÃ¡o Minh tráº» hoÃ i tráº» mÃ£i vá»›i  chÃºng em hihi... Thu Minh VÅ© TrÃºc NhÃ¢n Ali Hoang Duong Bao Tran Thuy Trang Nguyen,4K,"3,8K",12,128,,,,10 bÃ¬nh luáº­,2915993535087190,/story.php?story_fbid=2915993535087190&id=460256563994245,LÆ°u
Trang Phap,,2019-11-20 20:07:06,CÅ©ng khÃ´ng hay láº¯m! NÃªn má»i ngÆ°á»i Ä‘á»«ng nháº¥p vÃ o xem nhÃ©!  Status by TrÃºc NhÃ¢n ğŸ¤£ #AliHoangDuong #Viemlalydo ÄÃ¹a thui chá»© hay láº¯m Ä‘Ã³ giá»ng hÃ¡t vÃ  Mv xuáº¥t sáº¯c. Click Ä‘i má»i ngÆ°á»i!!!,136,121,1,14,,,,1 bÃ¬nh luáº­,2915833725103171,/story.php?story_fbid=2915833725103171&id=460256563994245,LÆ°u
Trang Phap,,2019-11-20 14:03:52,"Bá»‘ Ä‘i dáº¡y há»c tá»›i giá» cÅ©ng gáº§n 40 nÄƒm, hÆ¡n ná»­a cuá»™c Ä‘á»i cá»§a mÃ¬nh bá»‘ dÃ nh cho sinh viÃªn, dáº«n dáº¯t nhiá»u tháº¿ há»‡ nghiÃªn cá»©u sinh cá»§a bá»‘ lÃ m Tháº¡c sÄ©, Tiáº¿n sÄ©...  HÃ´m nay nhÃ¢n ngÃ y NhÃ  GiÃ¡o Viá»‡t Nam, tÃ¬nh cá» Ä‘Æ°á»£c cÃ´ cá»§a mÃ¬nh gá»­i cho má»™t bÃ i viáº¿t cá»§a chÃº BÃ¬nh Ä‘á»“ng nghiá»‡p cá»§a Bá»‘ viáº¿t vá» bá»‘ trÃªn Group cá»§a trÆ°á»ng Äáº¡i Há»c Quá»‘c Gia, Ä‘á»c nhá»¯ng lá»i cá»§a nhá»¯ng ngÆ°á»i báº¡n, ngÆ°á»i Ä‘á»“ng nghiá»‡p, vÃ  sinh viÃªn cÅ© cá»§a Bá»‘ nÃ³i vá» Bá»‘ mÃ  cáº£m tháº¥y Bá»‘ tháº­t sá»± lÃ  má»™t nhÃ  giÃ¡o tuyá»‡t vá»i: Má»™t nhÃ  giÃ¡o liÃªm khiáº¿t, máº«u má»±c.  HÃ m vá»‹, chuyÃªn mÃ´n lÃ  má»™t chuyá»‡n, nhÆ°ng cÃ³ láº½ quan trong hÆ¡n lÃ  cÃ¡ch sá»‘ng, cÃ¡i tÃ¬nh vÃ  cÃ¡i tÃ¢m mÃ  Bá»‘ dÃ nh cho nhá»¯ng ngÆ°á»i xung quanh má»›i chÃ­nh lÃ  Ä‘iá»u lÃ m má»i ngÆ°á»i yÃªu thÆ°Æ¡ng Bá»‘. Con cÅ©ng Ä‘Ã£ há»c há»i cÃ¡ch Bá»‘ sá»‘ng, lÃ m viá»‡c, cÆ° xá»­ vá»›i má»i ngÆ°á»i Ä‘á»ƒ trá»Ÿ thÃ nh con cá»§a ngÃ y hÃ´m nay. á» nhÃ  bá»‘ vui tÃ­nh, hay nÃ³i Ä‘Ã¹a, hi sinh vÃ¬ vá»£ vÃ¬ con ráº¥t nhiá»u vÃ¬ bá»‘ chÃ­nh lÃ  ngÆ°á»i dáº¡y cho con vá» giÃ¡ trá»‹ cá»§a gia Ä‘Ã¬nh. Bá»‘ tá»« chá»‘i nhiá»u cÃ´ng viá»‡c vÃ¬ lÃ½ do ""báº­n chÄƒm con, chÄƒm vá»£"". Bá»‘ dÃ nh 16 nÄƒm (tá»« phá»• thÃ´ng tá»›i lÃºc há»c Äáº¡i há»c) Ä‘Æ°a 2 chá»‹ em Ä‘i há»c, Ä‘Ã³n 2 chá»‹ em vá», ngÃ y nÃ o cÅ©ng nhÆ° ngÃ y nÃ o. Äi lÃ m vá» bá»‘ chá»‰ á»Ÿ nhÃ , viáº¿t sÃ¡ch, nghiÃªn cá»©u, xem ti vi, Äƒn cÆ¡m cÃ¹ng máº¥y máº¹ con. Thá»© 7, chá»§ nháº­t nÃ o bá»‘ cÅ©ng Ä‘Æ°a máº¹ Ä‘i siÃªu thá»‹, Ä‘i chÆ¡i. 40 nÄƒm hÆ¡n tá»« ngÃ y bá»‘ máº¹ láº¥y nhau tá»›i giá» váº«n váº­y. Cháº³ng bao giá» tháº¥y bá»‘ lÃ m viá»‡c gÃ¬ cho báº£n thÃ¢n mÃ¬nh, viá»‡c gÃ¬ bá»‘ lÃ m cÅ©ng lÃ  cho vá»£, cho con, cho gia Ä‘Ã¬nh. Con cáº£m tháº¥y thá»±c sá»± may máº¯n khi sinh ra trong má»™t gia Ä‘Ã¬nh Ãªm áº¥m vÃ  bÃ¬nh yÃªn nhÆ° váº­y. á» nhÃ  con Ã­t khi nÃ³i lá»i sáº¿n sÃºa, nhÆ°ng trÃªn facebook thÃ¬ cháº¯c con nÃ³i Ä‘Æ°á»£c vÃ¬ con biáº¿t bá»‘ khÃ´ng biáº¿t facebook lÃ  gÃ¬ ğŸ˜… Hihi... Náº¿u bá»‘ cÃ³ biáº¿t qua má»™t ngÆ°á»i thá»© 3 thÃ¬ cÅ©ng Ä‘á»¡ ""sháº¥u há»•"" hÆ¡n â˜ºï¸ Con chá»‰ muá»‘n chÃºc Bá»‘ tháº­t nhiá»u sá»©c khoáº», bÃ¬nh an vÃ  chÃºc bá»‘ mÃ£i lÃ  má»™t NhÃ  GiÃ¡o Ä‘á»“ng hÃ nh cÃ¹ng nhiá»u tháº¿ há»‡ há»c sinh cá»§a Bá»‘!  I LOVE YOU DADDY! ğŸ˜˜ (Bá»‘ khÃ´ng thÃ­ch Ä‘Æ°a hÃ¬nh bá»‘ lÃªn Ä‘Ã¢u cáº£, bá»‘ chá»‰ thÃ­ch cuá»™c sá»‘ng yÃªn bÃ¬nh nÃªn mÃ¬nh khÃ´ng dÃ¡m Ä‘Äƒng hÃ¬nh bá»‘ mÃ  chá»‰ Ä‘Äƒng nhá»¯ng chia sáº» cá»§a má»i ngÆ°á»i thÃ´i. CÃ¡m Æ¡n chÃº BÃ¬nh vÃ  cÃ¡c Anh/Chá»‹ sinh viÃªn cá»§a Bá»‘ Ä‘Ã£ chia sáº» nÃªn em má»›i biáº¿t Tuá»•i thanh xuÃ¢n ""dá»¯ dá»™i"" cá»§a Bá»‘ hihi)) Thuy Trang Nguyen",86,71,,15,,,,2 bÃ¬nh luáº­,2915280791825131,/story.php?story_fbid=2915280791825131&id=460256563994245,LÆ°u
Trang Phap,,2019-11-19 20:37:38,Anh trá»ng tÃ i cÃ³ gá»‘c ThÃ¡i Lan ko ah? CÃ´ gÃ¡i cá»• Ä‘á»™ng viÃªn Ä‘ang hoang mang tá»™t Ä‘á»™....  Cá» LÃŠN VIá»†T NAM Æ IIIII!!!!!  Thuy Trang Nguyen,"1,1K",1K,65,56,,,,18 bÃ¬nh luáº­,2913604815326062,/story.php?story_fbid=2913604815326062&id=460256563994245,LÆ°u
Trang Phap,,2019-11-17 21:13:30,"TrÆ°á»›c giá» chÆ°a bao giá» máº·c sai dress code luÃ´n Ã½! â˜ºï¸ NgÃ y vui cá»§a báº¡n em Ä‘Æ°Æ¡ng nhiÃªn lÃ  báº¡n em biáº¿t em háº¿t lÃ²ng vÃ  tÃ´n trá»ng ngÃ y vui cá»§a báº¡n tháº¿ nÃ o mÃ ! Em Ä‘Ã£ dÃ nh lá»i cÃ¡o lá»—i chá»§ nhÃ¢n... Khá»• cho em láº¯m lÃ  cÃ¡i thÆ° má»i ship tá»›i mÃ  tháº¥t láº¡c iem ko nháº­n Ä‘Æ°á»£c, sÃ¡t ngÃ y pháº£i há»i cÃ´ dÃ¢u dress code. Biáº¿t dress code cÃ¡i tá»©c tá»‘c láº¥y Ä‘á»“ mÃ  sao nhÃ¬n hÃ¬nh tháº¥y mÃ u be, ship tá»›i nÆ¡i thÃ nh há»“ng cÃ¡nh sen ğŸ˜…ğŸ˜…ğŸ˜… Iâ€™m so sorry! ğŸ˜­ğŸ˜­ğŸ˜­","5,3K","5,1K",26,189,3,1,,17 bÃ¬nh luáº­,2909110162442194,/story.php?story_fbid=2909110162442194&id=460256563994245,LÆ°u
Trang Phap,,2019-11-17 19:25:38,ChÃºc má»«ng báº¡n Giang Há»“ng Ngá»c thÃ¢n iu cá»§a tui Ä‘Ã£ tÃ¬m Ä‘Æ°á»£c háº¡nh phÃºc Ä‘á»i mÃ¬nh!!! ChÃºc cÃ´ gÃ¡i xinh Ä‘áº¹p luÃ´n bÃ¬nh an bÃªn gia Ä‘Ã¬nh nhá» cá»§a mÃ¬nh nhÃ©! ThÆ°Æ¡ng báº¡n láº¯m!!! â¤ï¸â¤ï¸â¤ï¸ CÃ²n 2 chá»‹ em bÃªn cáº¡nh chÆ°a cÃ³ nhu cáº§u láº¥y chá»“ng mÃ  cá»© suá»‘t ngÃ y báº¯t Ä‘Æ°á»£c hoa cÆ°á»›i ğŸ˜…ğŸ˜…ğŸ˜…... ThÃ´i láº¡i Ä‘em vá» nhÃ  cáº¯m cho Ä‘áº¹p váº­y ğŸ˜›,"Giang Há»“ng Ngá»c vÃ  2,9K ngÆ°á»i khÃ¡c","2,8K",7,156,,,,11 bÃ¬nh luáº­,2908860815800462,/story.php?story_fbid=2908860815800462&id=460256563994245,LÆ°u
Trang Phap,,2019-11-10 20:04:03,NhÃ  bao viá»‡c! ğŸ˜ğŸ˜ğŸ˜ Nháº¥t lÃ  viá»‡c Äƒn! Hihi,"8,4K","7,9K",90,353,3,,,19 bÃ¬nh luáº­,2891883567498187,/story.php?story_fbid=2891883567498187&id=460256563994245,LÆ°u
Trang Phap,,2019-11-03 19:02:18,"CÃ¢u chuyá»‡n cá»§a HoÃ ng ThÆ°á»£ng, HoÃ ng Háº­u, Báº¡ch LiÃªn giá»‘ng nhÆ° ""kiáº¿p trÆ°á»›c"" cá»§a 3 nhÃ¢n váº­t trong MV MÃ u NÆ°á»›c Máº¯t Ã½ nhá»‰? á» kiáº¿p trÆ°á»›c (Mv Tá»± TÃ¢m), Báº¡ch LiÃªn lÃ  ngÆ°á»i thá»© 3, rá»“i kiáº¿p nÃ y (Mv MÃ u NÆ°á»›c Máº¯t) phÃºc pháº­n cÅ©ng mÃ£i lÃ  ngÆ°á»i thá»© 3, cháº³ng bao giá» lÃ  ngÆ°á»i Ä‘Æ°á»£c hÆ°á»Ÿng háº¡nh phÃºc trá»n váº¹n HoÃ ng ThÆ°á»£ng kiáº¿p trÆ°á»›c Ä‘Æ°á»£c Báº¡ch LiÃªn hi sinh thÃ¢n mÃ¬nh cá»©u sá»‘ng, kiáº¿p nÃ y nhÆ° ""tráº£ duyÃªn ná»£"" khi bá»‹ chÃ­nh Báº¡ch LiÃªn Ã©p tá»›i Ä‘Æ°á»ng cÃ¹ng vÃ  cháº¿t Ä‘á»ƒ Báº¡ch LiÃªn Ä‘Æ°á»£c háº¡nh phÃºc vá»›i ngÆ°á»i mÃ¬nh yÃªu HoÃ ng ThÆ°á»£ng kiáº¿p trÆ°á»›c Ä‘au khá»• vÃ¬ 2 ngÆ°á»i mÃ¬nh yÃªu thÆ°Æ¡ng Ä‘á»u cháº¿t, thÃ¬ kiáº¿p nÃ y pháº£i cháº¿t vÃ¬ 2 ngÆ°á»i mÃ¬nh yÃªu thÆ°Æ¡ng. HoÃ ng Háº­u kiáº¿p trÆ°á»›c ngoáº¡i tÃ¬nh, kiáº¿p sau cÅ©ng váº«n mÃ£i ngoáº¡i tÃ¬nh Kiá»ƒu duyÃªn ná»£ tráº£ chÆ°a háº¿t kiáº¿p trÆ°á»›c qua kiáº¿p nÃ y tráº£ tiáº¿p Ã½... CÃ³ khi nÃ o MV tiáº¿p theo Trung QuÃ¢n vá»›i Denis lÃ m kiáº¿p sau ná»¯a trong TÆ°Æ¡ng Lai ko? Kiá»ƒu Futuristic, Black Mirror hay Love, Death + Robots? ğŸ˜ƒğŸ˜ƒğŸ˜ƒ Anyways, MV chuáº©n chá»‰nh tá»«ng chi tiáº¿t, quÃ¡ xuáº¥t sáº¯c! ChÃºc má»«ng Nguyá»…n Tráº§n Trung QuÃ¢n Äáº·ng Äá»©c Hiáº¿u vÃ  Ä‘áº¡o diá»…n Äinh HÃ  UyÃªn ThÆ°!  Thuy Trang Nguyen",Nguyá»…n Tráº§n Trung QuÃ¢n vÃ  327 ngÆ°á»i khÃ¡c,269,11,43,5,,,9 bÃ¬nh luáº­,2876078555745355,/story.php?story_fbid=2876078555745355&id=460256563994245,LÆ°u
